COMATELEC;FALCO;160;;
COMATELEC;TECEO;147;;
COMATELEC;TECEO 1;148;;
COMATELEC;TECEO 2;146;;
COMATELEC;AXIA 2.1;146;;
COMATELEC;AXIA 2.2;146;;
COMATELEC;AXIA 2;146;;
COMATELEC;CITEA NG MINI;156;;
COMATELEC;CITE NG MIDI;164;;
COMATELEC;SENSO;160;;
COMATELEC;HAPILED;141;;
COMATELEC;VALENTINO;136;;
COMATELEC;STYLAGE;129;;
COMATELEC;VOLTANA 1;133;;
COMATELEC;VOLTANA 2;141;;
COMATELEC;VOLTANA 3;152;;
COMATELEC;VOLTANA 4;155;;
COMATELEC;BORA;62;;
COMATELEC;YOA MIDI;152;;
COMATELEC;YOA MAXI;166;;
COMATELEC;INOA;130;;
COMATELEC;NEOS 1;141;;
COMATELEC;NEOS 2;146;;
COMATELEC;NEOS 3;141;;
COMATELEC;ALURA;111;;
COMATELEC;AMPERA MINI;144;;
COMATELEC;AMPERA MIDI;150;;
COMATELEC;AMPERA MAXI;159;;
PHILIPS;DIGISTREET;144;;
PHILIPS;CITYCHARM;106;;
PHILIPS;JARGEAU 400;71;;
PHILIPS;LEDLINE;;;
PHILIPS;IRIDIUM;;;
ROHL;TEOS 2;131;;
ROHL;VASCO;126;;
ECLATEC;TWEET S1;141;;https://www.eclatec.com/fr/produits/luminaires/item/205-tweet-origin
ECLATEC;TWEET S2;156;;
ECLATEC;TWEET S3;163;;
ECLATEC;BUZZ;136;;
ECLATEC;PERLE;70;à revoir;
ECLATEC;ECLAT;163;;
GHM;BEAUREGARD 2;128;;
ROHL;VASCO;126;;
WE.EF;VF LECOCITY;115;;
WE.EF;VFL;115;;
WE.EF;EFC;67;;
WE.EF;ETC;150;;
WE.EF;PROJECTEUR;150;;ordre de grandeur : https://www.we-ef.com/#!/fr/products/projecteurs
THORN;OXANE;125;;
BEGA;;;;
